"id","sale_date","product_id","quantity","product_unit_price","topping_id","topping_quantity","topping_unit_price","loc_id","promotion_id","discount_percentage","sweetness","ice_level"
1,"2025-02-01",6,2,"4.00",3,1,"0.75",1,1,10,"25","no ice"
2,"2025-02-01",3,2,"5.50","",0,"0.00",1,1,10,"75","no ice"
3,"2025-02-01",7,1,"4.00",1,1,"0.75",1,1,10,"100","regular"
4,"2025-02-01",6,4,"4.00",2,1,"0.75",1,1,10,"25","no ice"
5,"2025-02-01",7,2,"4.00",3,1,"0.75",1,1,10,"25","regular"
6,"2025-02-01",4,1,"5.00",3,2,"0.75",1,1,10,"100","regular"
7,"2025-02-01",1,1,"5.00",3,2,"0.75",1,1,10,"100","no ice"
8,"2025-02-01",3,2,"5.50",1,2,"0.75",1,1,10,"100","no ice"
9,"2025-02-01",1,2,"5.00",3,1,"0.75",1,1,10,"50","extra ice"
10,"2025-02-01",7,3,"4.00",3,2,"0.75",1,1,10,"25","less ice"
11,"2025-02-01",1,1,"5.00","",0,"0.00",1,1,10,"75","less ice"
12,"2025-02-01",3,2,"5.50",2,2,"0.75",1,1,10,"25","extra ice"
13,"2025-02-01",2,1,"5.00",3,2,"0.75",1,1,10,"50","regular"
14,"2025-02-01",4,4,"5.00","",0,"0.00",1,1,10,"25","less ice"
15,"2025-02-01",6,2,"4.00",1,2,"0.75",1,1,10,"50","less ice"
16,"2025-02-01",5,1,"6.00",1,2,"0.75",1,1,10,"75","extra ice"
17,"2025-02-01",3,4,"5.50",3,1,"0.75",1,1,10,"0","regular"
18,"2025-02-01",5,1,"6.00",2,2,"0.75",1,1,10,"0","regular"
19,"2025-02-01",3,3,"5.50",3,1,"0.75",1,1,10,"0","regular"
20,"2025-02-01",4,2,"5.00",1,2,"0.75",1,1,10,"50","regular"
21,"2025-02-01",1,1,"5.00",1,1,"0.75",1,1,10,"75","extra ice"
22,"2025-02-01",6,4,"4.00",1,2,"0.75",1,1,10,"100","no ice"
23,"2025-02-01",1,2,"5.00",1,1,"0.75",1,1,10,"75","no ice"
24,"2025-02-01",4,2,"5.00",2,1,"0.75",1,1,10,"100","no ice"
25,"2025-02-01",7,3,"4.00",1,1,"0.75",1,1,10,"100","regular"
26,"2025-02-01",2,2,"5.00",2,2,"0.75",1,1,10,"50","no ice"
27,"2025-02-01",5,3,"6.00",1,2,"0.75",1,1,10,"25","no ice"
28,"2025-02-01",7,2,"4.00","",0,"0.00",1,1,10,"50","no ice"
29,"2025-02-01",3,1,"5.50",2,1,"0.75",1,1,10,"75","extra ice"
30,"2025-02-01",3,2,"5.50","",0,"0.00",1,1,10,"25","less ice"
31,"2025-02-01",2,1,"5.00",3,1,"0.75",1,1,10,"0","regular"
32,"2025-02-01",5,4,"6.00",2,1,"0.75",1,1,10,"75","less ice"
33,"2025-02-01",2,1,"5.00",1,2,"0.75",1,1,10,"0","extra ice"
34,"2025-02-01",5,1,"6.00",2,1,"0.75",1,1,10,"0","regular"
35,"2025-02-01",1,3,"5.00",3,2,"0.75",1,1,10,"0","extra ice"
36,"2025-02-01",1,2,"5.00","",0,"0.00",1,1,10,"0","regular"
37,"2025-02-01",5,2,"6.00",2,1,"0.75",1,1,10,"100","no ice"
38,"2025-02-01",7,3,"4.00",2,2,"0.75",1,1,10,"100","regular"
39,"2025-02-01",7,3,"4.00",2,1,"0.75",1,1,10,"100","regular"
40,"2025-02-02",3,1,"5.50",1,1,"0.75",1,1,10,"100","extra ice"
41,"2025-02-02",3,2,"5.50",1,2,"0.75",1,1,10,"25","no ice"
42,"2025-02-02",6,3,"4.00",1,2,"0.75",1,1,10,"25","regular"
43,"2025-02-02",2,1,"5.00",2,2,"0.75",1,1,10,"100","no ice"
44,"2025-02-02",6,3,"4.00",1,2,"0.75",1,1,10,"25","extra ice"
45,"2025-02-02",7,2,"4.00","",0,"0.00",1,1,10,"25","less ice"
46,"2025-02-02",7,4,"4.00","",0,"0.00",1,1,10,"75","no ice"
47,"2025-02-02",2,3,"5.00",3,2,"0.75",1,1,10,"25","less ice"
48,"2025-02-02",4,2,"5.00",1,2,"0.75",1,1,10,"0","less ice"
49,"2025-02-02",4,2,"5.00",2,2,"0.75",1,1,10,"0","less ice"
50,"2025-02-02",1,2,"5.00",1,1,"0.75",1,1,10,"75","less ice"
51,"2025-02-02",3,2,"5.50",1,1,"0.75",1,1,10,"0","regular"
52,"2025-02-02",5,2,"6.00",2,2,"0.75",1,1,10,"100","extra ice"
53,"2025-02-02",5,2,"6.00","",0,"0.00",1,1,10,"25","less ice"
54,"2025-02-02",4,1,"5.00",1,1,"0.75",1,1,10,"0","extra ice"
55,"2025-02-02",4,1,"5.00","",0,"0.00",1,1,10,"100","less ice"
56,"2025-02-02",2,2,"5.00",1,1,"0.75",1,1,10,"25","regular"
57,"2025-02-02",1,4,"5.00",3,1,"0.75",1,1,10,"75","extra ice"
58,"2025-02-03",6,1,"4.00","",0,"0.00",1,1,10,"75","extra ice"
59,"2025-02-03",2,1,"5.00",1,2,"0.75",1,1,10,"0","regular"
60,"2025-02-03",7,1,"4.00",1,2,"0.75",1,1,10,"0","extra ice"
61,"2025-02-03",1,2,"5.00","",0,"0.00",1,1,10,"75","less ice"
62,"2025-02-03",7,2,"4.00",2,2,"0.75",1,1,10,"75","regular"
63,"2025-02-03",4,2,"5.00","",0,"0.00",1,1,10,"25","less ice"
64,"2025-02-03",4,3,"5.00",1,2,"0.75",1,1,10,"50","extra ice"
65,"2025-02-03",6,1,"4.00","",0,"0.00",1,1,10,"25","regular"
66,"2025-02-03",3,4,"5.50","",0,"0.00",1,1,10,"100","no ice"
67,"2025-02-03",6,2,"4.00",3,1,"0.75",1,1,10,"0","less ice"
68,"2025-02-03",6,1,"4.00","",0,"0.00",1,1,10,"25","no ice"
69,"2025-02-03",3,2,"5.50",3,2,"0.75",1,1,10,"0","less ice"
70,"2025-02-03",2,3,"5.00",3,1,"0.75",1,1,10,"25","no ice"
71,"2025-02-03",1,3,"5.00",2,2,"0.75",1,1,10,"25","regular"
72,"2025-02-03",4,1,"5.00",2,2,"0.75",1,1,10,"50","less ice"
73,"2025-02-03",2,4,"5.00",1,2,"0.75",1,1,10,"50","less ice"
74,"2025-02-03",7,1,"4.00","",0,"0.00",1,1,10,"25","less ice"
75,"2025-02-03",7,2,"4.00",1,2,"0.75",1,1,10,"100","extra ice"
76,"2025-02-03",2,4,"5.00",3,1,"0.75",1,1,10,"100","extra ice"
77,"2025-02-03",5,2,"6.00","",0,"0.00",1,1,10,"100","less ice"
78,"2025-02-03",1,2,"5.00",2,2,"0.75",1,1,10,"0","less ice"
79,"2025-02-03",3,3,"5.50","",0,"0.00",1,1,10,"25","less ice"
80,"2025-02-03",1,3,"5.00",3,2,"0.75",1,1,10,"50","no ice"
81,"2025-02-03",3,2,"5.50","",0,"0.00",1,1,10,"50","no ice"
82,"2025-02-03",1,2,"5.00",1,2,"0.75",1,1,10,"50","no ice"
83,"2025-02-03",4,2,"5.00",3,1,"0.75",1,1,10,"0","no ice"
84,"2025-02-03",6,4,"4.00",1,1,"0.75",1,1,10,"25","regular"
85,"2025-02-03",1,4,"5.00",2,1,"0.75",1,1,10,"25","less ice"
86,"2025-02-03",6,2,"4.00","",0,"0.00",1,1,10,"100","extra ice"
87,"2025-02-03",1,4,"5.00",1,2,"0.75",1,1,10,"25","less ice"
88,"2025-02-03",5,2,"6.00",3,1,"0.75",1,1,10,"50","extra ice"
89,"2025-02-03",3,4,"5.50",2,1,"0.75",1,1,10,"50","no ice"
90,"2025-02-03",2,1,"5.00",1,2,"0.75",1,1,10,"100","extra ice"
91,"2025-02-03",2,4,"5.00","",0,"0.00",1,1,10,"75","less ice"
92,"2025-02-03",3,1,"5.50",3,2,"0.75",1,1,10,"0","less ice"
93,"2025-02-03",1,3,"5.00",3,2,"0.75",1,1,10,"0","regular"
94,"2025-02-03",1,4,"5.00",2,1,"0.75",1,1,10,"50","regular"
95,"2025-02-03",3,1,"5.50",1,2,"0.75",1,1,10,"50","regular"
96,"2025-02-03",4,4,"5.00",1,1,"0.75",1,1,10,"0","less ice"
97,"2025-02-03",2,1,"5.00",3,2,"0.75",1,1,10,"75","extra ice"
98,"2025-02-03",3,1,"5.50",1,1,"0.75",1,1,10,"75","no ice"
99,"2025-02-03",2,2,"5.00",1,1,"0.75",1,1,10,"75","less ice"
100,"2025-02-04",3,4,"5.50",3,1,"0.75",1,1,10,"50","less ice"
101,"2025-02-04",3,2,"5.50",3,2,"0.75",1,1,10,"0","extra ice"
102,"2025-02-04",2,1,"5.00","",0,"0.00",1,1,10,"75","extra ice"
103,"2025-02-04",5,4,"6.00","",0,"0.00",1,1,10,"25","regular"
104,"2025-02-04",6,3,"4.00",1,1,"0.75",1,1,10,"100","regular"
105,"2025-02-04",4,2,"5.00",3,1,"0.75",1,1,10,"50","no ice"
106,"2025-02-04",6,2,"4.00",1,2,"0.75",1,1,10,"25","less ice"
107,"2025-02-04",3,1,"5.50",2,1,"0.75",1,1,10,"25","no ice"
108,"2025-02-04",2,3,"5.00",3,1,"0.75",1,1,10,"50","no ice"
109,"2025-02-04",3,4,"5.50",2,2,"0.75",1,1,10,"100","less ice"
110,"2025-02-04",2,4,"5.00",1,1,"0.75",1,1,10,"25","less ice"
111,"2025-02-04",2,4,"5.00",1,2,"0.75",1,1,10,"75","less ice"
112,"2025-02-04",4,4,"5.00","",0,"0.00",1,1,10,"0","extra ice"
113,"2025-02-04",6,1,"4.00","",0,"0.00",1,1,10,"25","extra ice"
114,"2025-02-04",1,3,"5.00",3,2,"0.75",1,1,10,"25","no ice"
115,"2025-02-04",3,1,"5.50",2,1,"0.75",1,1,10,"100","less ice"
116,"2025-02-04",2,1,"5.00",3,2,"0.75",1,1,10,"50","regular"
117,"2025-02-04",7,4,"4.00","",0,"0.00",1,1,10,"25","extra ice"
118,"2025-02-04",5,1,"6.00",3,1,"0.75",1,1,10,"25","regular"
119,"2025-02-04",3,2,"5.50",2,1,"0.75",1,1,10,"0","less ice"
120,"2025-02-04",7,1,"4.00",3,2,"0.75",1,1,10,"100","regular"
121,"2025-02-04",1,1,"5.00","",0,"0.00",1,1,10,"75","extra ice"
122,"2025-02-04",7,1,"4.00",1,1,"0.75",1,1,10,"25","no ice"
123,"2025-02-04",7,4,"4.00",1,2,"0.75",1,1,10,"100","extra ice"
124,"2025-02-04",7,1,"4.00",2,2,"0.75",1,1,10,"25","regular"
125,"2025-02-04",2,1,"5.00",3,2,"0.75",1,1,10,"100","regular"
126,"2025-02-04",2,1,"5.00",1,2,"0.75",1,1,10,"0","extra ice"
127,"2025-02-04",5,2,"6.00",2,2,"0.75",1,1,10,"50","extra ice"
128,"2025-02-04",4,2,"5.00",3,1,"0.75",1,1,10,"75","extra ice"
129,"2025-02-04",1,1,"5.00",2,1,"0.75",1,1,10,"50","extra ice"
130,"2025-02-05",6,3,"4.00","",0,"0.00",1,1,10,"25","no ice"
131,"2025-02-05",7,2,"4.00","",0,"0.00",1,1,10,"75","extra ice"
132,"2025-02-05",6,3,"4.00",2,2,"0.75",1,1,10,"25","extra ice"
133,"2025-02-05",1,4,"5.00",1,1,"0.75",1,1,10,"100","no ice"
134,"2025-02-05",7,3,"4.00",3,2,"0.75",1,1,10,"25","extra ice"
135,"2025-02-05",1,1,"5.00","",0,"0.00",1,1,10,"50","regular"
136,"2025-02-05",2,4,"5.00",1,1,"0.75",1,1,10,"50","regular"
137,"2025-02-05",2,4,"5.00","",0,"0.00",1,1,10,"100","less ice"
138,"2025-02-05",4,2,"5.00",2,2,"0.75",1,1,10,"0","less ice"
139,"2025-02-05",4,4,"5.00",3,1,"0.75",1,1,10,"75","regular"
140,"2025-02-05",4,1,"5.00",3,2,"0.75",1,1,10,"0","regular"
141,"2025-02-05",5,4,"6.00",3,2,"0.75",1,1,10,"0","extra ice"
142,"2025-02-05",2,2,"5.00",3,2,"0.75",1,1,10,"0","no ice"
143,"2025-02-05",5,1,"6.00","",0,"0.00",1,1,10,"50","less ice"
144,"2025-02-06",4,3,"5.00",3,2,"0.75",1,1,10,"50","regular"
145,"2025-02-06",1,2,"5.00",1,2,"0.75",1,1,10,"0","less ice"
146,"2025-02-06",6,4,"4.00","",0,"0.00",1,1,10,"25","no ice"
147,"2025-02-06",7,1,"4.00",3,2,"0.75",1,1,10,"100","no ice"
148,"2025-02-06",1,2,"5.00",1,1,"0.75",1,1,10,"100","less ice"
149,"2025-02-06",6,4,"4.00",2,1,"0.75",1,1,10,"25","no ice"
150,"2025-02-06",4,3,"5.00",3,2,"0.75",1,1,10,"100","less ice"
151,"2025-02-06",3,3,"5.50",2,2,"0.75",1,1,10,"50","no ice"
152,"2025-02-06",4,2,"5.00",1,1,"0.75",1,1,10,"100","regular"
153,"2025-02-06",6,4,"4.00",3,1,"0.75",1,1,10,"25","regular"
154,"2025-02-06",2,1,"5.00",1,1,"0.75",1,1,10,"50","regular"
155,"2025-02-06",1,2,"5.00","",0,"0.00",1,1,10,"50","regular"
156,"2025-02-06",7,4,"4.00",3,1,"0.75",1,1,10,"75","no ice"
157,"2025-02-06",2,2,"5.00","",0,"0.00",1,1,10,"50","less ice"
158,"2025-02-06",1,1,"5.00",3,2,"0.75",1,1,10,"0","less ice"
159,"2025-02-07",5,2,"6.00","",0,"0.00",1,1,10,"50","no ice"
160,"2025-02-07",6,1,"4.00",2,1,"0.75",1,1,10,"100","less ice"
161,"2025-02-07",6,3,"4.00",1,1,"0.75",1,1,10,"75","extra ice"
162,"2025-02-07",1,1,"5.00",3,1,"0.75",1,1,10,"75","extra ice"
163,"2025-02-07",5,4,"6.00",3,2,"0.75",1,1,10,"75","no ice"
164,"2025-02-07",5,1,"6.00",3,2,"0.75",1,1,10,"75","less ice"
165,"2025-02-07",6,4,"4.00",1,1,"0.75",1,1,10,"50","less ice"
166,"2025-02-07",1,1,"5.00","",0,"0.00",1,1,10,"0","extra ice"
167,"2025-02-07",4,2,"5.00",2,2,"0.75",1,1,10,"0","less ice"
168,"2025-02-07",3,1,"5.50","",0,"0.00",1,1,10,"100","regular"
169,"2025-02-07",7,3,"4.00",1,2,"0.75",1,1,10,"75","less ice"
170,"2025-02-07",6,4,"4.00","",0,"0.00",1,1,10,"75","less ice"
171,"2025-02-07",6,1,"4.00",2,1,"0.75",1,1,10,"100","extra ice"
172,"2025-02-07",6,1,"4.00",1,2,"0.75",1,1,10,"100","regular"
173,"2025-02-07",4,4,"5.00","",0,"0.00",1,1,10,"25","no ice"
174,"2025-02-07",6,3,"4.00",1,1,"0.75",1,1,10,"100","extra ice"
175,"2025-02-07",2,2,"5.00",1,1,"0.75",1,1,10,"0","regular"
176,"2025-02-07",7,1,"4.00",3,1,"0.75",1,1,10,"75","regular"
177,"2025-02-07",1,4,"5.00","",0,"0.00",1,1,10,"50","no ice"
178,"2025-02-07",4,2,"5.00",3,1,"0.75",1,1,10,"50","no ice"
179,"2025-02-07",4,4,"5.00",3,2,"0.75",1,1,10,"75","regular"
180,"2025-02-07",4,4,"5.00",1,1,"0.75",1,1,10,"50","regular"
181,"2025-02-07",5,3,"6.00",3,1,"0.75",1,1,10,"50","extra ice"
182,"2025-02-07",2,1,"5.00",2,1,"0.75",1,1,10,"100","regular"
183,"2025-02-07",3,2,"5.50",1,2,"0.75",1,1,10,"100","less ice"
184,"2025-02-07",6,3,"4.00","",0,"0.00",1,1,10,"25","regular"
185,"2025-02-07",2,4,"5.00",3,1,"0.75",1,1,10,"25","less ice"
186,"2025-02-07",7,1,"4.00",1,2,"0.75",1,1,10,"25","no ice"
187,"2025-02-07",1,4,"5.00",1,2,"0.75",1,1,10,"25","regular"
188,"2025-02-07",6,1,"4.00",1,1,"0.75",1,1,10,"0","extra ice"
189,"2025-02-07",3,1,"5.50",1,2,"0.75",1,1,10,"100","regular"
190,"2025-02-07",7,3,"4.00",2,1,"0.75",1,1,10,"25","no ice"
191,"2025-02-07",5,3,"6.00",1,2,"0.75",1,1,10,"25","no ice"
192,"2025-02-07",4,1,"5.00",2,1,"0.75",1,1,10,"0","no ice"
193,"2025-02-07",5,4,"6.00",2,2,"0.75",1,1,10,"0","no ice"
194,"2025-02-08",1,4,"5.00","",0,"0.00",1,1,10,"75","extra ice"
195,"2025-02-08",6,4,"4.00","",0,"0.00",1,1,10,"25","extra ice"
196,"2025-02-08",3,4,"5.50",1,1,"0.75",1,1,10,"0","extra ice"
197,"2025-02-08",6,3,"4.00",3,2,"0.75",1,1,10,"0","no ice"
198,"2025-02-08",3,3,"5.50",1,1,"0.75",1,1,10,"75","less ice"
199,"2025-02-08",5,1,"6.00",1,2,"0.75",1,1,10,"50","no ice"
200,"2025-02-08",7,1,"4.00",3,2,"0.75",1,1,10,"100","regular"
201,"2025-02-08",6,1,"4.00",3,1,"0.75",1,1,10,"50","regular"
202,"2025-02-08",3,4,"5.50",1,2,"0.75",1,1,10,"75","no ice"
203,"2025-02-08",5,1,"6.00",1,2,"0.75",1,1,10,"100","regular"
204,"2025-02-08",6,3,"4.00","",0,"0.00",1,1,10,"0","less ice"
205,"2025-02-08",1,1,"5.00","",0,"0.00",1,1,10,"100","extra ice"
206,"2025-02-08",5,4,"6.00",1,2,"0.75",1,1,10,"0","no ice"
207,"2025-02-08",1,3,"5.00",3,2,"0.75",1,1,10,"50","extra ice"
208,"2025-02-08",4,1,"5.00",1,2,"0.75",1,1,10,"100","less ice"
209,"2025-02-08",3,4,"5.50",3,1,"0.75",1,1,10,"75","no ice"
210,"2025-02-08",4,1,"5.00","",0,"0.00",1,1,10,"25","extra ice"
211,"2025-02-08",7,4,"4.00",1,1,"0.75",1,1,10,"25","no ice"
212,"2025-02-08",5,3,"6.00",3,1,"0.75",1,1,10,"75","less ice"
213,"2025-02-08",4,4,"5.00",2,1,"0.75",1,1,10,"75","no ice"
214,"2025-02-08",1,1,"5.00","",0,"0.00",1,1,10,"100","less ice"
215,"2025-02-08",5,4,"6.00",1,2,"0.75",1,1,10,"50","extra ice"
216,"2025-02-08",5,3,"6.00",2,1,"0.75",1,1,10,"75","less ice"
217,"2025-02-08",3,1,"5.50",1,2,"0.75",1,1,10,"50","extra ice"
218,"2025-02-08",2,4,"5.00",3,2,"0.75",1,1,10,"50","regular"
219,"2025-02-08",2,2,"5.00",2,1,"0.75",1,1,10,"0","less ice"
220,"2025-02-08",3,4,"5.50",3,2,"0.75",1,1,10,"0","less ice"
221,"2025-02-08",7,3,"4.00",3,1,"0.75",1,1,10,"0","no ice"
222,"2025-02-08",6,2,"4.00",2,1,"0.75",1,1,10,"50","regular"
223,"2025-02-08",7,3,"4.00","",0,"0.00",1,1,10,"75","no ice"
224,"2025-02-08",4,1,"5.00",3,1,"0.75",1,1,10,"25","regular"
225,"2025-02-08",5,3,"6.00",1,2,"0.75",1,1,10,"25","less ice"
226,"2025-02-08",3,2,"5.50",1,2,"0.75",1,1,10,"100","extra ice"
227,"2025-02-08",6,4,"4.00",1,2,"0.75",1,1,10,"50","less ice"
228,"2025-02-08",3,3,"5.50",1,2,"0.75",1,1,10,"25","extra ice"
229,"2025-02-08",7,1,"4.00",2,1,"0.75",1,1,10,"25","less ice"
230,"2025-02-09",3,1,"5.50",3,1,"0.75",1,"",0,"25","extra ice"
231,"2025-02-09",4,1,"5.00","",0,"0.00",1,"",0,"25","no ice"
232,"2025-02-09",2,2,"5.00",1,1,"0.75",1,"",0,"100","less ice"
233,"2025-02-09",1,3,"5.00",3,2,"0.75",1,"",0,"100","less ice"
234,"2025-02-09",6,1,"4.00",3,1,"0.75",1,"",0,"75","less ice"
235,"2025-02-09",2,1,"5.00",1,2,"0.75",1,"",0,"0","no ice"
236,"2025-02-09",1,1,"5.00",3,1,"0.75",1,"",0,"100","regular"
237,"2025-02-09",4,2,"5.00","",0,"0.00",1,"",0,"25","extra ice"
238,"2025-02-09",1,2,"5.00",3,1,"0.75",1,"",0,"0","extra ice"
239,"2025-02-09",7,1,"4.00",2,2,"0.75",1,"",0,"50","less ice"
240,"2025-02-09",5,1,"6.00","",0,"0.00",1,"",0,"25","no ice"
241,"2025-02-09",7,2,"4.00",1,2,"0.75",1,"",0,"75","less ice"
242,"2025-02-09",4,4,"5.00",3,1,"0.75",1,"",0,"100","no ice"
243,"2025-02-09",1,4,"5.00",3,2,"0.75",1,"",0,"75","regular"
244,"2025-02-09",1,1,"5.00",3,2,"0.75",1,"",0,"100","no ice"
245,"2025-02-09",3,3,"5.50",1,2,"0.75",1,"",0,"25","less ice"
246,"2025-02-09",4,4,"5.00",1,1,"0.75",1,"",0,"100","extra ice"
247,"2025-02-09",4,2,"5.00",1,1,"0.75",1,"",0,"25","extra ice"
248,"2025-02-09",7,1,"4.00",1,1,"0.75",1,"",0,"50","extra ice"
249,"2025-02-09",3,3,"5.50",2,2,"0.75",1,"",0,"0","less ice"
250,"2025-02-09",1,2,"5.00",3,1,"0.75",1,"",0,"75","regular"
251,"2025-02-10",1,3,"5.00",3,2,"0.75",1,"",0,"100","less ice"
252,"2025-02-10",2,4,"5.00","",0,"0.00",1,"",0,"50","extra ice"
253,"2025-02-10",2,1,"5.00","",0,"0.00",1,"",0,"100","no ice"
254,"2025-02-10",5,4,"6.00",3,1,"0.75",1,"",0,"50","less ice"
255,"2025-02-10",7,1,"4.00","",0,"0.00",1,"",0,"25","less ice"
256,"2025-02-10",4,2,"5.00",3,2,"0.75",1,"",0,"75","less ice"
257,"2025-02-10",6,3,"4.00",3,2,"0.75",1,"",0,"75","regular"
258,"2025-02-10",5,3,"6.00",1,2,"0.75",1,"",0,"25","extra ice"
259,"2025-02-11",1,4,"5.00",1,1,"0.75",1,"",0,"25","less ice"
260,"2025-02-11",6,3,"4.00","",0,"0.00",1,"",0,"50","extra ice"
261,"2025-02-11",4,4,"5.00",3,1,"0.75",1,"",0,"0","regular"
262,"2025-02-11",2,4,"5.00",3,2,"0.75",1,"",0,"25","less ice"
263,"2025-02-11",6,4,"4.00","",0,"0.00",1,"",0,"100","regular"
264,"2025-02-11",6,1,"4.00","",0,"0.00",1,"",0,"75","less ice"
265,"2025-02-11",4,3,"5.00","",0,"0.00",1,"",0,"75","regular"
266,"2025-02-11",3,1,"5.50",3,1,"0.75",1,"",0,"50","less ice"
267,"2025-02-11",3,2,"5.50",1,1,"0.75",1,"",0,"75","regular"
268,"2025-02-11",2,4,"5.00","",0,"0.00",1,"",0,"75","extra ice"
269,"2025-02-11",1,1,"5.00",2,1,"0.75",1,"",0,"100","no ice"
270,"2025-02-12",3,1,"5.50",2,1,"0.75",1,"",0,"100","extra ice"
271,"2025-02-12",4,4,"5.00",3,1,"0.75",1,"",0,"50","regular"
272,"2025-02-12",7,2,"4.00",3,1,"0.75",1,"",0,"75","no ice"
273,"2025-02-12",7,4,"4.00",3,2,"0.75",1,"",0,"100","extra ice"
274,"2025-02-12",2,4,"5.00",2,1,"0.75",1,"",0,"75","less ice"
275,"2025-02-12",7,2,"4.00",1,2,"0.75",1,"",0,"100","regular"
276,"2025-02-12",3,1,"5.50",2,1,"0.75",1,"",0,"100","no ice"
277,"2025-02-12",3,3,"5.50",2,2,"0.75",1,"",0,"75","less ice"
278,"2025-02-12",3,2,"5.50","",0,"0.00",1,"",0,"50","extra ice"
279,"2025-02-12",5,4,"6.00","",0,"0.00",1,"",0,"25","regular"
280,"2025-02-12",2,3,"5.00",2,2,"0.75",1,"",0,"100","regular"
281,"2025-02-12",2,1,"5.00",3,2,"0.75",1,"",0,"50","extra ice"
282,"2025-02-12",1,2,"5.00",3,2,"0.75",1,"",0,"25","no ice"
283,"2025-02-13",4,2,"5.00",3,1,"0.75",1,"",0,"100","less ice"
284,"2025-02-13",5,4,"6.00",1,1,"0.75",1,"",0,"75","less ice"
285,"2025-02-14",1,3,"5.00",3,2,"0.75",1,"",0,"25","no ice"
286,"2025-02-14",1,1,"5.00",1,1,"0.75",1,"",0,"50","no ice"
287,"2025-02-14",1,3,"5.00",2,1,"0.75",1,"",0,"0","extra ice"
288,"2025-02-14",3,3,"5.50",1,2,"0.75",1,"",0,"100","regular"
289,"2025-02-14",4,2,"5.00",2,2,"0.75",1,"",0,"75","less ice"
290,"2025-02-14",3,2,"5.50",3,1,"0.75",1,"",0,"50","regular"
291,"2025-02-14",5,4,"6.00",1,1,"0.75",1,"",0,"50","no ice"
292,"2025-02-14",4,2,"5.00","",0,"0.00",1,"",0,"0","no ice"
293,"2025-02-14",2,1,"5.00",1,2,"0.75",1,"",0,"0","extra ice"
294,"2025-02-14",7,1,"4.00",1,1,"0.75",1,"",0,"100","extra ice"
295,"2025-02-14",1,1,"5.00",3,2,"0.75",1,"",0,"75","less ice"
296,"2025-02-14",5,1,"6.00","",0,"0.00",1,"",0,"75","less ice"
297,"2025-02-14",7,4,"4.00",3,1,"0.75",1,"",0,"0","regular"
298,"2025-02-14",6,3,"4.00",2,2,"0.75",1,"",0,"25","regular"
299,"2025-02-14",6,1,"4.00","",0,"0.00",1,"",0,"100","regular"
300,"2025-02-14",3,1,"5.50",3,1,"0.75",1,"",0,"75","less ice"
301,"2025-02-14",1,4,"5.00",3,1,"0.75",1,"",0,"25","less ice"
302,"2025-02-14",5,3,"6.00",2,2,"0.75",1,"",0,"50","extra ice"
303,"2025-02-14",7,4,"4.00",3,1,"0.75",1,"",0,"50","less ice"
304,"2025-02-14",1,4,"5.00",1,2,"0.75",1,"",0,"0","regular"
305,"2025-02-14",2,4,"5.00",3,2,"0.75",1,"",0,"25","regular"
306,"2025-02-14",6,1,"4.00",2,2,"0.75",1,"",0,"25","regular"
307,"2025-02-14",3,3,"5.50",3,2,"0.75",1,"",0,"25","no ice"
308,"2025-02-14",3,1,"5.50",2,1,"0.75",1,"",0,"0","regular"
309,"2025-02-14",3,2,"5.50",1,2,"0.75",1,"",0,"50","extra ice"
310,"2025-02-14",5,4,"6.00","",0,"0.00",1,"",0,"25","extra ice"
311,"2025-02-14",1,1,"5.00",3,2,"0.75",1,"",0,"25","less ice"
312,"2025-02-14",4,2,"5.00",3,2,"0.75",1,"",0,"25","less ice"
313,"2025-02-14",7,3,"4.00",2,1,"0.75",1,"",0,"100","extra ice"
314,"2025-02-14",7,1,"4.00","",0,"0.00",1,"",0,"100","regular"
315,"2025-02-14",6,4,"4.00",3,2,"0.75",1,"",0,"50","no ice"
316,"2025-02-14",7,3,"4.00",1,1,"0.75",1,"",0,"75","extra ice"
317,"2025-02-14",7,2,"4.00",2,2,"0.75",1,"",0,"50","no ice"
318,"2025-02-14",6,3,"4.00",2,2,"0.75",1,"",0,"25","less ice"
319,"2025-02-14",2,1,"5.00","",0,"0.00",1,"",0,"50","regular"
320,"2025-02-14",7,1,"4.00",2,1,"0.75",1,"",0,"50","less ice"
321,"2025-02-15",3,4,"5.50","",0,"0.00",1,"",0,"100","less ice"
322,"2025-02-15",7,3,"4.00",2,2,"0.75",1,"",0,"75","regular"
323,"2025-02-15",3,3,"5.50",1,1,"0.75",1,"",0,"100","no ice"
324,"2025-02-15",6,4,"4.00",1,1,"0.75",1,"",0,"50","less ice"
325,"2025-02-15",6,1,"4.00","",0,"0.00",1,"",0,"100","less ice"
326,"2025-02-15",5,2,"6.00",2,2,"0.75",1,"",0,"100","no ice"
327,"2025-02-15",2,3,"5.00",2,2,"0.75",1,"",0,"0","regular"
328,"2025-02-15",6,1,"4.00",3,2,"0.75",1,"",0,"0","extra ice"
329,"2025-02-15",7,1,"4.00",3,1,"0.75",1,"",0,"75","no ice"
330,"2025-02-15",7,3,"4.00",2,2,"0.75",1,"",0,"100","no ice"
331,"2025-02-15",1,2,"5.00",3,1,"0.75",1,"",0,"0","regular"
332,"2025-02-15",4,2,"5.00",1,2,"0.75",1,"",0,"75","less ice"
333,"2025-02-15",1,1,"5.00",2,2,"0.75",1,"",0,"25","extra ice"
334,"2025-02-15",1,4,"5.00",2,2,"0.75",1,"",0,"75","extra ice"
335,"2025-02-15",6,2,"4.00","",0,"0.00",1,"",0,"50","less ice"
336,"2025-02-15",4,2,"5.00",3,2,"0.75",1,"",0,"75","no ice"
337,"2025-02-15",2,1,"5.00",1,1,"0.75",1,"",0,"0","regular"
338,"2025-02-15",7,4,"4.00",2,2,"0.75",1,"",0,"50","extra ice"
339,"2025-02-15",7,4,"4.00",1,2,"0.75",1,"",0,"50","no ice"
340,"2025-02-15",2,4,"5.00",2,1,"0.75",1,"",0,"0","less ice"
341,"2025-02-15",3,3,"5.50","",0,"0.00",1,"",0,"0","no ice"
342,"2025-02-15",6,2,"4.00",3,2,"0.75",1,"",0,"75","regular"
343,"2025-02-15",1,4,"5.00","",0,"0.00",1,"",0,"75","extra ice"
344,"2025-02-15",7,4,"4.00",1,2,"0.75",1,"",0,"100","less ice"
345,"2025-02-15",2,2,"5.00",2,2,"0.75",1,"",0,"0","regular"
346,"2025-02-15",2,1,"5.00",3,1,"0.75",1,"",0,"50","regular"
347,"2025-02-15",1,4,"5.00","",0,"0.00",1,"",0,"100","regular"
348,"2025-02-15",4,1,"5.00",1,2,"0.75",1,"",0,"75","extra ice"
349,"2025-02-15",3,2,"5.50",3,2,"0.75",1,"",0,"75","regular"
350,"2025-02-15",6,3,"4.00",3,2,"0.75",1,"",0,"0","no ice"
351,"2025-02-15",3,2,"5.50",3,1,"0.75",1,"",0,"50","no ice"
352,"2025-02-15",4,3,"5.00",2,2,"0.75",1,"",0,"50","extra ice"
353,"2025-02-15",3,4,"5.50",1,1,"0.75",1,"",0,"0","no ice"
354,"2025-02-15",5,4,"6.00",3,1,"0.75",1,"",0,"25","extra ice"
355,"2025-02-15",3,2,"5.50","",0,"0.00",1,"",0,"0","less ice"
356,"2025-02-15",1,4,"5.00",2,1,"0.75",1,"",0,"25","extra ice"
357,"2025-02-15",2,2,"5.00",1,1,"0.75",1,"",0,"50","regular"
358,"2025-02-15",3,2,"5.50",2,2,"0.75",1,"",0,"0","less ice"
359,"2025-02-15",2,1,"5.00",1,2,"0.75",1,"",0,"50","extra ice"
360,"2025-02-15",6,1,"4.00",2,2,"0.75",1,"",0,"100","no ice"
361,"2025-02-15",3,2,"5.50","",0,"0.00",1,"",0,"0","no ice"
362,"2025-02-15",6,2,"4.00",3,1,"0.75",1,"",0,"25","extra ice"
363,"2025-02-15",5,1,"6.00","",0,"0.00",1,"",0,"0","regular"
364,"2025-02-15",7,2,"4.00",1,1,"0.75",1,"",0,"0","less ice"
365,"2025-02-15",1,4,"5.00",1,2,"0.75",1,"",0,"0","less ice"
366,"2025-02-15",7,1,"4.00","",0,"0.00",1,"",0,"25","regular"
367,"2025-02-15",1,2,"5.00",2,1,"0.75",1,"",0,"50","no ice"
368,"2025-02-15",6,4,"4.00",3,2,"0.75",1,"",0,"0","less ice"
369,"2025-02-15",7,1,"4.00",1,1,"0.75",1,"",0,"25","no ice"
370,"2025-02-15",5,2,"6.00","",0,"0.00",1,"",0,"0","regular"
371,"2025-02-15",2,3,"5.00",3,1,"0.75",1,"",0,"50","extra ice"
372,"2025-02-15",7,4,"4.00","",0,"0.00",1,"",0,"0","regular"
373,"2025-02-15",5,1,"6.00",1,1,"0.75",1,"",0,"25","extra ice"
374,"2025-02-16",7,1,"4.00","",0,"0.00",1,"",0,"50","regular"
375,"2025-02-16",5,1,"6.00",1,1,"0.75",1,"",0,"75","less ice"
376,"2025-02-16",4,3,"5.00",2,2,"0.75",1,"",0,"0","extra ice"
377,"2025-02-16",7,3,"4.00",1,2,"0.75",1,"",0,"100","no ice"
378,"2025-02-16",7,2,"4.00",3,1,"0.75",1,"",0,"75","regular"
379,"2025-02-16",3,1,"5.50","",0,"0.00",1,"",0,"25","extra ice"
380,"2025-02-16",3,3,"5.50",3,1,"0.75",1,"",0,"75","extra ice"
381,"2025-02-16",4,4,"5.00",2,1,"0.75",1,"",0,"100","no ice"
382,"2025-02-16",7,3,"4.00",2,1,"0.75",1,"",0,"100","regular"
383,"2025-02-16",3,2,"5.50",2,2,"0.75",1,"",0,"50","less ice"
384,"2025-02-16",4,3,"5.00",3,1,"0.75",1,"",0,"25","extra ice"
385,"2025-02-16",4,4,"5.00","",0,"0.00",1,"",0,"0","regular"
386,"2025-02-16",2,3,"5.00","",0,"0.00",1,"",0,"75","no ice"
387,"2025-02-16",2,2,"5.00","",0,"0.00",1,"",0,"100","no ice"
388,"2025-02-16",3,1,"5.50","",0,"0.00",1,"",0,"100","less ice"
389,"2025-02-16",7,4,"4.00",1,1,"0.75",1,"",0,"100","no ice"
390,"2025-02-16",4,3,"5.00","",0,"0.00",1,"",0,"25","regular"
391,"2025-02-16",7,2,"4.00",3,2,"0.75",1,"",0,"0","extra ice"
392,"2025-02-17",6,1,"4.00",3,1,"0.75",1,"",0,"100","no ice"
393,"2025-02-17",6,3,"4.00",2,1,"0.75",1,"",0,"50","no ice"
394,"2025-02-17",5,4,"6.00",2,1,"0.75",1,"",0,"50","regular"
395,"2025-02-17",5,4,"6.00",3,1,"0.75",1,"",0,"50","regular"
396,"2025-02-17",2,4,"5.00","",0,"0.00",1,"",0,"75","regular"
397,"2025-02-17",3,4,"5.50",3,2,"0.75",1,"",0,"50","regular"
398,"2025-02-17",7,2,"4.00",3,1,"0.75",1,"",0,"75","no ice"
399,"2025-02-17",7,1,"4.00",1,1,"0.75",1,"",0,"0","extra ice"
400,"2025-02-18",5,2,"6.00","",0,"0.00",1,"",0,"100","regular"
401,"2025-02-18",5,1,"6.00",3,1,"0.75",1,"",0,"100","regular"
402,"2025-02-18",7,4,"4.00",3,1,"0.75",1,"",0,"100","extra ice"
403,"2025-02-18",3,2,"5.50",3,1,"0.75",1,"",0,"50","extra ice"
404,"2025-02-18",2,3,"5.00",1,2,"0.75",1,"",0,"50","no ice"
405,"2025-02-18",1,3,"5.00",2,1,"0.75",1,"",0,"25","extra ice"
406,"2025-02-18",2,3,"5.00",2,2,"0.75",1,"",0,"75","extra ice"
407,"2025-02-18",5,2,"6.00",2,1,"0.75",1,"",0,"100","extra ice"
408,"2025-02-18",3,4,"5.50",2,2,"0.75",1,"",0,"50","regular"
409,"2025-02-18",5,4,"6.00","",0,"0.00",1,"",0,"50","regular"
410,"2025-02-19",4,3,"5.00",1,1,"0.75",1,"",0,"25","no ice"
411,"2025-02-19",6,3,"4.00",1,1,"0.75",1,"",0,"50","less ice"
412,"2025-02-19",7,4,"4.00",1,2,"0.75",1,"",0,"75","no ice"
413,"2025-02-19",3,3,"5.50",1,2,"0.75",1,"",0,"25","no ice"
414,"2025-02-19",5,2,"6.00","",0,"0.00",1,"",0,"50","regular"
415,"2025-02-19",4,4,"5.00",3,1,"0.75",1,"",0,"0","no ice"
416,"2025-02-19",2,3,"5.00","",0,"0.00",1,"",0,"0","extra ice"
417,"2025-02-19",2,4,"5.00",3,1,"0.75",1,"",0,"50","regular"
418,"2025-02-19",4,3,"5.00","",0,"0.00",1,"",0,"50","extra ice"
419,"2025-02-19",2,4,"5.00",3,1,"0.75",1,"",0,"75","less ice"
420,"2025-02-20",4,3,"5.00",1,2,"0.75",1,"",0,"75","regular"
421,"2025-02-20",5,2,"6.00",1,2,"0.75",1,"",0,"25","no ice"
422,"2025-02-20",1,1,"5.00","",0,"0.00",1,"",0,"100","less ice"
423,"2025-02-20",7,3,"4.00",1,1,"0.75",1,"",0,"75","less ice"
424,"2025-02-20",4,1,"5.00",2,1,"0.75",1,"",0,"50","regular"
425,"2025-02-20",7,4,"4.00",2,1,"0.75",1,"",0,"100","less ice"
426,"2025-02-20",6,4,"4.00",3,1,"0.75",1,"",0,"100","extra ice"
427,"2025-02-20",4,1,"5.00","",0,"0.00",1,"",0,"0","no ice"
428,"2025-02-21",1,4,"5.00","",0,"0.00",1,"",0,"100","extra ice"
429,"2025-02-21",7,3,"4.00",2,2,"0.75",1,"",0,"50","regular"
430,"2025-02-21",6,1,"4.00","",0,"0.00",1,"",0,"50","no ice"
431,"2025-02-21",7,4,"4.00",3,2,"0.75",1,"",0,"50","regular"
432,"2025-02-21",3,3,"5.50","",0,"0.00",1,"",0,"25","no ice"
433,"2025-02-21",4,3,"5.00","",0,"0.00",1,"",0,"0","less ice"
434,"2025-02-21",2,1,"5.00","",0,"0.00",1,"",0,"0","regular"
435,"2025-02-21",1,1,"5.00",2,1,"0.75",1,"",0,"0","regular"
436,"2025-02-21",2,4,"5.00",1,1,"0.75",1,"",0,"25","less ice"
437,"2025-02-21",5,2,"6.00",2,1,"0.75",1,"",0,"25","regular"
438,"2025-02-21",5,1,"6.00",1,1,"0.75",1,"",0,"25","less ice"
439,"2025-02-21",3,4,"5.50",1,2,"0.75",1,"",0,"50","less ice"
440,"2025-02-21",6,1,"4.00","",0,"0.00",1,"",0,"25","no ice"
441,"2025-02-21",3,3,"5.50","",0,"0.00",1,"",0,"50","regular"
442,"2025-02-21",4,3,"5.00",1,2,"0.75",1,"",0,"0","regular"
443,"2025-02-21",7,4,"4.00",2,1,"0.75",1,"",0,"0","regular"
444,"2025-02-21",1,3,"5.00","",0,"0.00",1,"",0,"25","less ice"
445,"2025-02-21",7,1,"4.00",2,1,"0.75",1,"",0,"25","extra ice"
446,"2025-02-21",6,3,"4.00",1,2,"0.75",1,"",0,"75","regular"
447,"2025-02-21",4,1,"5.00","",0,"0.00",1,"",0,"75","regular"
448,"2025-02-21",2,3,"5.00","",0,"0.00",1,"",0,"0","less ice"
449,"2025-02-21",7,1,"4.00",2,2,"0.75",1,"",0,"0","less ice"
450,"2025-02-21",1,3,"5.00",1,1,"0.75",1,"",0,"100","less ice"
451,"2025-02-21",1,3,"5.00",1,1,"0.75",1,"",0,"25","regular"
452,"2025-02-21",4,2,"5.00",3,1,"0.75",1,"",0,"75","regular"
453,"2025-02-21",6,1,"4.00",2,2,"0.75",1,"",0,"25","no ice"
454,"2025-02-21",5,3,"6.00","",0,"0.00",1,"",0,"0","no ice"
455,"2025-02-21",4,4,"5.00","",0,"0.00",1,"",0,"75","extra ice"
456,"2025-02-21",7,3,"4.00",1,1,"0.75",1,"",0,"100","extra ice"
457,"2025-02-21",1,3,"5.00",3,2,"0.75",1,"",0,"100","regular"
458,"2025-02-21",7,1,"4.00",1,2,"0.75",1,"",0,"0","less ice"
459,"2025-02-21",4,1,"5.00",3,2,"0.75",1,"",0,"75","extra ice"
460,"2025-02-22",2,3,"5.00",3,1,"0.75",1,"",0,"50","less ice"
461,"2025-02-22",1,2,"5.00",2,1,"0.75",1,"",0,"75","no ice"
462,"2025-02-22",2,3,"5.00","",0,"0.00",1,"",0,"100","no ice"
463,"2025-02-22",6,2,"4.00","",0,"0.00",1,"",0,"25","no ice"
464,"2025-02-22",2,2,"5.00","",0,"0.00",1,"",0,"50","no ice"
465,"2025-02-22",3,4,"5.50","",0,"0.00",1,"",0,"100","less ice"
466,"2025-02-22",6,3,"4.00",3,1,"0.75",1,"",0,"100","less ice"
467,"2025-02-22",5,2,"6.00","",0,"0.00",1,"",0,"25","regular"
468,"2025-02-22",7,3,"4.00","",0,"0.00",1,"",0,"0","less ice"
469,"2025-02-22",6,4,"4.00",1,1,"0.75",1,"",0,"50","regular"
470,"2025-02-22",5,1,"6.00","",0,"0.00",1,"",0,"50","no ice"
471,"2025-02-22",4,1,"5.00","",0,"0.00",1,"",0,"0","less ice"
472,"2025-02-22",3,2,"5.50",1,1,"0.75",1,"",0,"100","no ice"
473,"2025-02-22",4,2,"5.00",3,1,"0.75",1,"",0,"25","less ice"
474,"2025-02-22",5,2,"6.00",2,2,"0.75",1,"",0,"50","regular"
475,"2025-02-22",6,3,"4.00",3,2,"0.75",1,"",0,"75","no ice"
476,"2025-02-22",4,1,"5.00",2,1,"0.75",1,"",0,"100","extra ice"
477,"2025-02-22",6,3,"4.00","",0,"0.00",1,"",0,"0","less ice"
478,"2025-02-22",4,4,"5.00",2,2,"0.75",1,"",0,"25","extra ice"
479,"2025-02-22",2,2,"5.00",1,2,"0.75",1,"",0,"50","extra ice"
480,"2025-02-22",7,4,"4.00",2,1,"0.75",1,"",0,"25","regular"
481,"2025-02-22",3,1,"5.50",3,2,"0.75",1,"",0,"100","less ice"
482,"2025-02-22",7,3,"4.00",3,2,"0.75",1,"",0,"0","less ice"
483,"2025-02-22",2,4,"5.00",3,2,"0.75",1,"",0,"75","less ice"
484,"2025-02-22",5,1,"6.00",2,1,"0.75",1,"",0,"100","regular"
485,"2025-02-22",5,4,"6.00",1,2,"0.75",1,"",0,"25","no ice"
486,"2025-02-22",5,2,"6.00",1,2,"0.75",1,"",0,"0","regular"
487,"2025-02-22",4,4,"5.00",3,1,"0.75",1,"",0,"75","no ice"
488,"2025-02-22",1,3,"5.00","",0,"0.00",1,"",0,"75","no ice"
489,"2025-02-22",1,2,"5.00",3,2,"0.75",1,"",0,"50","regular"
490,"2025-02-22",4,2,"5.00","",0,"0.00",1,"",0,"50","no ice"
491,"2025-02-22",5,2,"6.00",3,2,"0.75",1,"",0,"0","less ice"
492,"2025-02-22",7,3,"4.00","",0,"0.00",1,"",0,"25","less ice"
493,"2025-02-22",4,4,"5.00",1,2,"0.75",1,"",0,"25","no ice"
494,"2025-02-22",4,1,"5.00",3,2,"0.75",1,"",0,"25","less ice"
495,"2025-02-22",2,4,"5.00",2,1,"0.75",1,"",0,"25","regular"
496,"2025-02-22",5,3,"6.00","",0,"0.00",1,"",0,"75","no ice"
497,"2025-02-22",3,4,"5.50",3,1,"0.75",1,"",0,"75","less ice"
498,"2025-02-23",5,2,"6.00",3,1,"0.75",1,"",0,"25","no ice"
499,"2025-02-23",2,4,"5.00","",0,"0.00",1,"",0,"50","regular"
500,"2025-02-23",2,3,"5.00","",0,"0.00",1,"",0,"75","no ice"
501,"2025-02-23",7,3,"4.00",2,1,"0.75",1,"",0,"50","less ice"
502,"2025-02-23",6,2,"4.00",1,2,"0.75",1,"",0,"50","extra ice"
503,"2025-02-23",4,1,"5.00",2,2,"0.75",1,"",0,"0","no ice"
504,"2025-02-23",7,3,"4.00",1,1,"0.75",1,"",0,"100","less ice"
505,"2025-02-23",7,2,"4.00","",0,"0.00",1,"",0,"100","no ice"
506,"2025-02-23",5,4,"6.00",3,2,"0.75",1,"",0,"50","extra ice"
507,"2025-02-23",1,1,"5.00","",0,"0.00",1,"",0,"50","extra ice"
508,"2025-02-23",3,1,"5.50",3,1,"0.75",1,"",0,"50","less ice"
509,"2025-02-23",2,1,"5.00","",0,"0.00",1,"",0,"0","no ice"
510,"2025-02-23",4,3,"5.00",3,2,"0.75",1,"",0,"50","less ice"
511,"2025-02-23",6,2,"4.00",1,2,"0.75",1,"",0,"100","regular"
512,"2025-02-23",2,2,"5.00",1,1,"0.75",1,"",0,"0","extra ice"
513,"2025-02-23",6,1,"4.00","",0,"0.00",1,"",0,"100","extra ice"
514,"2025-02-23",5,1,"6.00",1,2,"0.75",1,"",0,"50","regular"
515,"2025-02-23",3,1,"5.50","",0,"0.00",1,"",0,"25","less ice"
516,"2025-02-23",1,3,"5.00","",0,"0.00",1,"",0,"100","less ice"
517,"2025-02-24",5,3,"6.00",1,2,"0.75",1,"",0,"25","no ice"
518,"2025-02-24",3,3,"5.50",1,2,"0.75",1,"",0,"100","extra ice"
519,"2025-02-24",2,1,"5.00",1,2,"0.75",1,"",0,"75","no ice"
520,"2025-02-24",1,1,"5.00",1,2,"0.75",1,"",0,"100","no ice"
521,"2025-02-24",5,3,"6.00",1,2,"0.75",1,"",0,"0","no ice"
522,"2025-02-24",3,4,"5.50",3,1,"0.75",1,"",0,"100","no ice"
523,"2025-02-24",3,4,"5.50","",0,"0.00",1,"",0,"25","extra ice"
524,"2025-02-24",3,3,"5.50",2,1,"0.75",1,"",0,"25","extra ice"
525,"2025-02-25",5,2,"6.00","",0,"0.00",1,"",0,"100","extra ice"
526,"2025-02-25",5,3,"6.00","",0,"0.00",1,"",0,"75","extra ice"
527,"2025-02-25",6,2,"4.00",1,1,"0.75",1,"",0,"50","no ice"
528,"2025-02-25",5,3,"6.00","",0,"0.00",1,"",0,"25","less ice"
529,"2025-02-25",7,3,"4.00",1,1,"0.75",1,"",0,"100","extra ice"
530,"2025-02-25",5,1,"6.00",3,2,"0.75",1,"",0,"75","regular"
531,"2025-02-25",2,3,"5.00","",0,"0.00",1,"",0,"50","less ice"
532,"2025-02-25",4,4,"5.00",3,2,"0.75",1,"",0,"75","less ice"
533,"2025-02-25",7,1,"4.00","",0,"0.00",1,"",0,"75","no ice"
534,"2025-02-25",6,2,"4.00",1,1,"0.75",1,"",0,"0","regular"
535,"2025-02-25",3,1,"5.50",3,2,"0.75",1,"",0,"25","no ice"
536,"2025-02-25",1,3,"5.00","",0,"0.00",1,"",0,"75","regular"
537,"2025-02-25",2,3,"5.00","",0,"0.00",1,"",0,"100","regular"
538,"2025-02-26",5,1,"6.00",3,2,"0.75",1,"",0,"75","less ice"
539,"2025-02-26",3,1,"5.50",2,2,"0.75",1,"",0,"0","less ice"
540,"2025-02-26",2,3,"5.00",3,2,"0.75",1,"",0,"0","no ice"
541,"2025-02-26",2,3,"5.00",3,2,"0.75",1,"",0,"25","extra ice"
542,"2025-02-26",1,3,"5.00",3,2,"0.75",1,"",0,"50","extra ice"
543,"2025-02-26",7,3,"4.00",2,1,"0.75",1,"",0,"0","no ice"
544,"2025-02-26",7,1,"4.00",2,2,"0.75",1,"",0,"50","no ice"
545,"2025-02-26",1,4,"5.00","",0,"0.00",1,"",0,"50","no ice"
546,"2025-02-27",7,4,"4.00","",0,"0.00",1,"",0,"0","regular"
547,"2025-02-27",3,4,"5.50",3,2,"0.75",1,"",0,"25","no ice"
548,"2025-02-27",4,1,"5.00","",0,"0.00",1,"",0,"25","less ice"
549,"2025-02-27",7,2,"4.00",1,2,"0.75",1,"",0,"0","less ice"
550,"2025-02-27",1,2,"5.00",3,1,"0.75",1,"",0,"0","less ice"
551,"2025-02-27",6,1,"4.00",3,1,"0.75",1,"",0,"50","less ice"
552,"2025-02-27",7,1,"4.00",1,2,"0.75",1,"",0,"50","regular"
553,"2025-02-27",6,2,"4.00","",0,"0.00",1,"",0,"0","no ice"
554,"2025-02-27",7,4,"4.00",1,2,"0.75",1,"",0,"100","less ice"
555,"2025-02-27",6,2,"4.00",1,1,"0.75",1,"",0,"25","no ice"
556,"2025-02-27",1,4,"5.00","",0,"0.00",1,"",0,"0","no ice"
557,"2025-02-28",3,4,"5.50",3,2,"0.75",1,"",0,"25","no ice"
558,"2025-02-28",2,1,"5.00","",0,"0.00",1,"",0,"0","regular"
559,"2025-02-28",3,1,"5.50",1,2,"0.75",1,"",0,"50","regular"
560,"2025-02-28",3,3,"5.50","",0,"0.00",1,"",0,"100","no ice"
561,"2025-02-28",7,1,"4.00",3,2,"0.75",1,"",0,"100","regular"
562,"2025-02-28",1,3,"5.00",3,2,"0.75",1,"",0,"25","regular"
563,"2025-02-28",2,4,"5.00","",0,"0.00",1,"",0,"50","less ice"
564,"2025-02-28",2,2,"5.00",3,2,"0.75",1,"",0,"75","regular"
565,"2025-02-28",1,3,"5.00","",0,"0.00",1,"",0,"100","extra ice"
566,"2025-02-28",2,4,"5.00",3,1,"0.75",1,"",0,"75","extra ice"
567,"2025-02-28",3,2,"5.50",1,2,"0.75",1,"",0,"0","extra ice"
568,"2025-02-28",5,4,"6.00",2,1,"0.75",1,"",0,"50","less ice"
569,"2025-02-28",3,1,"5.50",3,2,"0.75",1,"",0,"25","extra ice"
570,"2025-02-28",5,2,"6.00",2,2,"0.75",1,"",0,"0","less ice"
571,"2025-02-28",3,3,"5.50",1,1,"0.75",1,"",0,"50","regular"
572,"2025-02-28",7,3,"4.00",2,1,"0.75",1,"",0,"0","no ice"
573,"2025-02-28",6,2,"4.00","",0,"0.00",1,"",0,"100","no ice"
574,"2025-02-28",4,4,"5.00",2,1,"0.75",1,"",0,"100","no ice"
575,"2025-02-28",5,4,"6.00",1,2,"0.75",1,"",0,"0","less ice"
576,"2025-02-28",6,1,"4.00",1,2,"0.75",1,"",0,"75","regular"
577,"2025-02-28",2,4,"5.00","",0,"0.00",1,"",0,"75","extra ice"
578,"2025-02-28",4,1,"5.00",2,1,"0.75",1,"",0,"0","regular"
579,"2025-03-01",7,1,"4.00",1,1,"0.75",1,2,10,"50","less ice"
580,"2025-03-01",1,1,"5.00","",0,"0.00",1,2,10,"25","less ice"
581,"2025-03-01",3,2,"5.50",2,1,"0.75",1,2,10,"0","extra ice"
582,"2025-03-01",4,3,"5.00","",0,"0.00",1,2,10,"75","less ice"
583,"2025-03-01",4,4,"5.00",3,2,"0.75",1,2,10,"50","no ice"
584,"2025-03-01",1,3,"5.00",3,1,"0.75",1,2,10,"50","no ice"
585,"2025-03-01",2,3,"5.00","",0,"0.00",1,2,10,"50","regular"
586,"2025-03-01",6,3,"4.00",1,2,"0.75",1,2,10,"75","no ice"
587,"2025-03-01",6,1,"4.00","",0,"0.00",1,2,10,"0","no ice"
588,"2025-03-01",5,1,"6.00","",0,"0.00",1,2,10,"75","no ice"
589,"2025-03-01",2,1,"5.00",2,2,"0.75",1,2,10,"100","less ice"
590,"2025-03-01",1,2,"5.00",1,2,"0.75",1,2,10,"25","regular"
591,"2025-03-01",6,3,"4.00",3,2,"0.75",1,2,10,"0","no ice"
592,"2025-03-01",5,3,"6.00",1,1,"0.75",1,2,10,"0","no ice"
593,"2025-03-01",5,4,"6.00","",0,"0.00",1,2,10,"0","regular"
594,"2025-03-01",7,3,"4.00","",0,"0.00",1,2,10,"50","less ice"
595,"2025-03-01",7,4,"4.00",3,1,"0.75",1,2,10,"50","regular"
596,"2025-03-01",2,2,"5.00",2,2,"0.75",1,2,10,"50","less ice"
597,"2025-03-01",7,2,"4.00",1,2,"0.75",1,2,10,"0","regular"
598,"2025-03-01",4,3,"5.00",1,2,"0.75",1,2,10,"100","regular"
599,"2025-03-01",1,3,"5.00",2,2,"0.75",1,2,10,"75","regular"
600,"2025-03-01",5,2,"6.00",2,2,"0.75",1,2,10,"50","regular"
601,"2025-03-01",2,1,"5.00",2,2,"0.75",1,2,10,"75","no ice"
602,"2025-03-01",4,4,"5.00",2,1,"0.75",1,2,10,"50","regular"
603,"2025-03-01",6,1,"4.00",2,2,"0.75",1,2,10,"50","extra ice"
604,"2025-03-01",6,2,"4.00",1,2,"0.75",1,2,10,"0","no ice"
605,"2025-03-01",6,2,"4.00",2,2,"0.75",1,2,10,"75","regular"
606,"2025-03-01",3,4,"5.50",2,2,"0.75",1,2,10,"50","no ice"
607,"2025-03-01",3,3,"5.50",2,2,"0.75",1,2,10,"100","extra ice"
608,"2025-03-01",3,2,"5.50","",0,"0.00",1,2,10,"25","extra ice"
609,"2025-03-01",1,3,"5.00",3,2,"0.75",1,2,10,"25","less ice"
610,"2025-03-01",5,4,"6.00",1,1,"0.75",1,2,10,"75","extra ice"
611,"2025-03-02",3,3,"5.50",2,2,"0.75",1,2,10,"50","less ice"
612,"2025-03-02",5,3,"6.00",3,1,"0.75",1,2,10,"75","extra ice"
613,"2025-03-02",3,3,"5.50",3,2,"0.75",1,2,10,"25","less ice"
614,"2025-03-02",7,2,"4.00","",0,"0.00",1,2,10,"50","extra ice"
615,"2025-03-02",1,1,"5.00",2,1,"0.75",1,2,10,"75","less ice"
616,"2025-03-02",1,2,"5.00",1,2,"0.75",1,2,10,"75","no ice"
617,"2025-03-02",5,4,"6.00",2,2,"0.75",1,2,10,"0","regular"
618,"2025-03-02",3,4,"5.50",1,2,"0.75",1,2,10,"75","extra ice"
619,"2025-03-02",7,2,"4.00",1,2,"0.75",1,2,10,"0","extra ice"
620,"2025-03-02",7,2,"4.00",1,2,"0.75",1,2,10,"50","no ice"
621,"2025-03-02",5,3,"6.00",2,2,"0.75",1,2,10,"50","less ice"
622,"2025-03-02",4,3,"5.00","",0,"0.00",1,2,10,"100","regular"
623,"2025-03-02",4,4,"5.00",3,2,"0.75",1,2,10,"100","extra ice"
624,"2025-03-02",3,4,"5.50",1,2,"0.75",1,2,10,"75","extra ice"
625,"2025-03-02",5,4,"6.00",2,2,"0.75",1,2,10,"0","no ice"
626,"2025-03-02",6,1,"4.00","",0,"0.00",1,2,10,"100","no ice"
627,"2025-03-02",2,4,"5.00",3,2,"0.75",1,2,10,"0","extra ice"
628,"2025-03-02",7,2,"4.00",1,1,"0.75",1,2,10,"0","no ice"
629,"2025-03-02",4,3,"5.00",1,1,"0.75",1,2,10,"75","regular"
630,"2025-03-02",5,1,"6.00","",0,"0.00",1,2,10,"100","no ice"
631,"2025-03-02",4,4,"5.00","",0,"0.00",1,2,10,"25","regular"
632,"2025-03-02",4,3,"5.00",3,1,"0.75",1,2,10,"100","less ice"
633,"2025-03-02",2,2,"5.00","",0,"0.00",1,2,10,"50","less ice"
634,"2025-03-02",4,3,"5.00",3,2,"0.75",1,2,10,"75","no ice"
635,"2025-03-02",4,2,"5.00",3,2,"0.75",1,2,10,"50","extra ice"
636,"2025-03-02",5,1,"6.00","",0,"0.00",1,2,10,"100","less ice"
637,"2025-03-02",2,1,"5.00",3,2,"0.75",1,2,10,"50","less ice"
638,"2025-03-02",4,4,"5.00",2,1,"0.75",1,2,10,"75","no ice"
639,"2025-03-02",7,3,"4.00",3,1,"0.75",1,2,10,"50","extra ice"
640,"2025-03-02",3,2,"5.50","",0,"0.00",1,2,10,"75","less ice"
641,"2025-03-02",2,4,"5.00",3,1,"0.75",1,2,10,"25","extra ice"
642,"2025-03-02",4,4,"5.00",2,2,"0.75",1,2,10,"100","less ice"
643,"2025-03-02",1,2,"5.00",3,1,"0.75",1,2,10,"100","extra ice"
644,"2025-03-02",3,3,"5.50",2,2,"0.75",1,2,10,"50","less ice"
645,"2025-03-02",2,1,"5.00",1,1,"0.75",1,2,10,"25","no ice"
646,"2025-03-02",6,1,"4.00","",0,"0.00",1,2,10,"50","regular"
647,"2025-03-02",4,3,"5.00",3,1,"0.75",1,2,10,"50","regular"
648,"2025-03-02",2,4,"5.00",3,2,"0.75",1,2,10,"100","no ice"
649,"2025-03-02",3,1,"5.50",1,1,"0.75",1,2,10,"100","extra ice"
650,"2025-03-02",3,2,"5.50","",0,"0.00",1,2,10,"50","less ice"
651,"2025-03-02",1,2,"5.00",1,1,"0.75",1,2,10,"25","no ice"
652,"2025-03-02",2,4,"5.00",2,2,"0.75",1,2,10,"100","less ice"
653,"2025-03-02",7,2,"4.00","",0,"0.00",1,2,10,"75","no ice"
654,"2025-03-03",5,1,"6.00",2,1,"0.75",1,2,10,"25","less ice"
655,"2025-03-03",7,4,"4.00","",0,"0.00",1,2,10,"25","less ice"
656,"2025-03-03",4,1,"5.00",3,2,"0.75",1,2,10,"0","regular"
657,"2025-03-03",5,2,"6.00",1,2,"0.75",1,2,10,"100","regular"
658,"2025-03-03",7,1,"4.00","",0,"0.00",1,2,10,"0","less ice"
659,"2025-03-03",1,2,"5.00",3,1,"0.75",1,2,10,"25","less ice"
660,"2025-03-03",7,4,"4.00","",0,"0.00",1,2,10,"25","less ice"
661,"2025-03-03",3,2,"5.50",2,2,"0.75",1,2,10,"25","regular"
662,"2025-03-03",4,4,"5.00",1,1,"0.75",1,2,10,"50","regular"
663,"2025-03-03",2,1,"5.00",2,1,"0.75",1,2,10,"50","less ice"
664,"2025-03-03",5,4,"6.00","",0,"0.00",1,2,10,"75","less ice"
665,"2025-03-03",4,3,"5.00",2,1,"0.75",1,2,10,"75","no ice"
666,"2025-03-03",1,2,"5.00",2,2,"0.75",1,2,10,"25","no ice"
667,"2025-03-03",3,1,"5.50","",0,"0.00",1,2,10,"100","less ice"
668,"2025-03-03",5,4,"6.00",2,2,"0.75",1,2,10,"100","no ice"
669,"2025-03-03",2,3,"5.00",2,1,"0.75",1,2,10,"50","no ice"
670,"2025-03-03",3,2,"5.50",1,2,"0.75",1,2,10,"25","no ice"
671,"2025-03-03",4,2,"5.00",1,1,"0.75",1,2,10,"50","extra ice"
672,"2025-03-03",3,2,"5.50",3,1,"0.75",1,2,10,"100","less ice"
673,"2025-03-03",3,1,"5.50",1,2,"0.75",1,2,10,"75","no ice"
674,"2025-03-03",1,1,"5.00","",0,"0.00",1,2,10,"50","less ice"
675,"2025-03-03",3,2,"5.50","",0,"0.00",1,2,10,"50","extra ice"
676,"2025-03-03",7,4,"4.00","",0,"0.00",1,2,10,"25","less ice"
677,"2025-03-03",2,1,"5.00",1,2,"0.75",1,2,10,"0","no ice"
678,"2025-03-03",2,2,"5.00","",0,"0.00",1,2,10,"50","no ice"
679,"2025-03-03",6,3,"4.00",2,1,"0.75",1,2,10,"50","no ice"
680,"2025-03-03",6,1,"4.00",1,1,"0.75",1,2,10,"50","no ice"
681,"2025-03-03",1,1,"5.00","",0,"0.00",1,2,10,"0","regular"
682,"2025-03-03",2,3,"5.00",2,2,"0.75",1,2,10,"0","no ice"
683,"2025-03-03",6,3,"4.00",3,1,"0.75",1,2,10,"75","no ice"
684,"2025-03-03",7,3,"4.00","",0,"0.00",1,2,10,"75","no ice"
685,"2025-03-03",2,3,"5.00","",0,"0.00",1,2,10,"25","regular"
